user_id,username,followers,comments,posts
1,Aaron,0,0,0
2,Aaron,0,0,0
3,Aaron,0,0,0
4,Aaron,0,0,0
5,Aaron,0,0,0
6,Aaron,0,0,0
7,Aaron,0,0,0
8,Aaron,0,0,0
9,Aaron,0,0,0
10,Abigail,0,0,0
11,Abigail,0,0,0
12,Abigail,0,0,0
13,Adam,0,0,0
14,Adam,0,0,0
15,Adam,0,0,0
16,Adam,0,0,0
17,Adam,0,0,0
18,Adam,0,0,0
19,Adam,0,0,0
20,Adam,0,0,0
21,Adam,0,0,0
22,Adam,0,0,0
23,Adam,0,0,0
24,Adam,0,0,0
25,Adam,0,0,0
26,Adam,0,0,0
27,Adam,0,0,0
28,Adam,0,0,0
29,Adrian,0,0,0
30,Adrian,0,0,0
31,Adriana,0,0,0
32,Alan,0,0,0
33,Alan,0,0,0
34,Alan,0,0,0
35,Alan,0,0,0
36,Alan,0,0,0
37,Alan,0,0,0
38,Albert,0,0,0
39,Alec,0,0,0
40,Alec,0,0,0
41,Alejandro,0,0,0
42,Alex,0,0,0
43,Alex,0,0,0
44,Alex,0,0,0
45,Alexa,0,0,0
46,Alexander,0,0,0
47,Alexander,0,0,0
48,Alexander,0,0,0
49,Alexander,0,0,0
50,Alexander,0,0,0
51,Alexander,0,0,0
52,Alexander,0,0,0
53,Alexander,0,0,0
54,Alexandra,0,0,0
55,Alexandra,0,0,0
56,Alexandra,0,0,0
57,Alexandra,0,0,0
58,Alexandra,0,0,0
59,Alexandra,0,0,0
60,Alexandra,0,0,0
61,Alexandra,0,0,0
62,Alexandria,0,0,0
63,Alexandria,0,0,0
64,Alexandria,0,0,0
65,Alexis,0,0,0
66,Alexis,0,0,0
67,Alexis,0,0,0
68,Alexis,0,0,0
69,Alexis,0,0,0
70,Alfred,0,0,0
71,Alicia,0,0,0
72,Alicia,0,0,0
73,Alicia,0,0,0
74,Alison,0,0,0
75,Allen,0,0,0
76,Allen,0,0,0
77,Allison,0,0,0
78,Allison,0,0,0
79,Allison,0,0,0
80,Allison,0,0,0
81,Alvin,0,0,0
82,Alyssa,0,0,0
83,Alyssa,0,0,0
84,Alyssa,0,0,0
85,Alyssa,0,0,0
86,Alyssa,0,0,0
87,Amanda,0,0,0
88,Amanda,0,0,0
89,Amanda,0,0,0
90,Amanda,0,0,0
91,Amanda,0,0,0
92,Amanda,0,0,0
93,Amanda,0,0,0
94,Amanda,0,0,0
95,Amanda,0,0,0
96,Amanda,0,0,0
97,Amanda,0,0,0
98,Amanda,0,0,0
99,Amanda,0,0,0
100,Amanda,0,0,0
101,Amanda,0,0,0
102,Amanda,0,0,0
103,Amanda,0,0,0
104,Amanda,0,0,0
105,Amanda,0,0,0
106,Amanda,0,0,0
107,Amanda,0,0,0
108,Amanda,0,0,0
109,Amber,0,0,0
110,Amber,0,0,0
111,Amber,0,0,0
112,Amber,0,0,0
113,Amber,0,0,0
114,Amber,0,0,0
115,Amy,0,0,0
116,Amy,0,0,0
117,Amy,0,0,0
118,Amy,0,0,0
119,Amy,0,0,0
120,Amy,0,0,0
121,Amy,0,0,0
122,Amy,0,0,0
123,Amy,0,0,0
124,Amy,0,0,0
125,Amy,0,0,0
126,Amy,0,0,0
127,Amy,0,0,0
128,Amy,0,0,0
129,Amy,0,0,0
130,Amy,0,0,0
131,Amy,0,0,0
132,Amy,0,0,0
133,Andrea,0,0,0
134,Andrea,0,0,0
135,Andrea,0,0,0
136,Andrea,0,0,0
137,Andrea,0,0,0
138,Andrea,0,0,0
139,Andrea,0,0,0
140,Andrea,0,0,0
141,Andrea,0,0,0
142,Andrea,0,0,0
143,Andrea,0,0,0
144,Andrea,0,0,0
145,Andres,0,0,0
146,Andrew,0,0,0
147,Andrew,0,0,0
148,Andrew,0,0,0
149,Andrew,0,0,0
150,Andrew,0,0,0
151,Andrew,0,0,0
152,Andrew,0,0,0
153,Andrew,0,0,0
154,Andrew,0,0,0
155,Andrew,0,0,0
156,Andrew,0,0,0
157,Andrew,0,0,0
158,Andrew,0,0,0
159,Andrew,0,0,0
160,Andrew,0,0,0
161,Andrew,0,0,0
162,Andrew,0,0,0
163,Andrew,0,0,0
164,Andrew,0,0,0
165,Angel,0,0,0
166,Angel,0,0,0
167,Angel,0,0,0
168,Angel,0,0,0
169,Angela,0,0,0
170,Angela,0,0,0
171,Angela,0,0,0
172,Angela,0,0,0
173,Angela,0,0,0
174,Angela,0,0,0
175,Angela,0,0,0
176,Angela,0,0,0
177,Angela,0,0,0
178,Angela,0,0,0
179,Angela,0,0,0
180,Angela,0,0,0
181,Angela,0,0,0
182,Angela,0,0,0
183,Angela,0,0,0
184,Angela,0,0,0
185,Angela,0,0,0
186,Angela,0,0,0
187,Angela,0,0,0
188,Angie,0,0,0
189,Anita,0,0,0
190,Ann,0,0,0
191,Ann,0,0,0
192,Ann,0,0,0
193,Ann,0,0,0
194,Anna,0,0,0
195,Anna,0,0,0
196,Anna,0,0,0
197,Anna,0,0,0
198,Anna,0,0,0
199,Anna,0,0,0
200,Anna,0,0,0
201,Anna,0,0,0
202,Anna,0,0,0
203,Anna,0,0,0
204,Anne,0,0,0
205,Anne,0,0,0
206,Anne,0,0,0
207,Annette,0,0,0
208,Annette,0,0,0
209,Annette,0,0,0
210,Anthony,0,0,0
211,Anthony,0,0,0
212,Anthony,0,0,0
213,Anthony,0,0,0
214,Anthony,0,0,0
215,Anthony,0,0,0
216,Anthony,0,0,0
217,Anthony,0,0,0
218,Anthony,0,0,0
219,Anthony,0,0,0
220,Anthony,0,0,0
221,Antonio,0,0,0
222,April,0,0,0
223,April,0,0,0
224,April,0,0,0
225,April,0,0,0
226,April,0,0,0
227,April,0,0,0
228,April,0,0,0
229,April,0,0,0
230,April,0,0,0
231,April,0,0,0
232,Ariana,0,0,0
233,Ariel,0,0,0
234,Arthur,0,0,0
235,Arthur,0,0,0
236,Ashley,0,0,0
237,Ashley,0,0,0
238,Ashley,0,0,0
239,Ashley,0,0,0
240,Ashley,0,0,0
241,Ashley,0,0,0
242,Ashley,0,0,0
243,Ashley,0,0,0
244,Ashley,0,0,0
245,Ashley,0,0,0
246,Ashley,0,0,0
247,Ashley,0,0,0
248,Ashley,0,0,0
249,Audrey,0,0,0
250,Audrey,0,0,0
251,Austin,0,0,0
252,Austin,0,0,0
253,Austin,0,0,0
254,Austin,0,0,0
255,Austin,0,0,0
256,Austin,0,0,0
257,Autumn,0,0,0
258,Autumn,0,0,0
259,Autumn,0,0,0
260,Bailey,0,0,0
261,Barbara,0,0,0
262,Barbara,0,0,0
263,Barbara,0,0,0
264,Barbara,0,0,0
265,Barbara,0,0,0
266,Barbara,0,0,0
267,Barry,0,0,0
268,Barry,0,0,0
269,Becky,0,0,0
270,Benjamin,0,0,0
271,Benjamin,0,0,0
272,Benjamin,0,0,0
273,Benjamin,0,0,0
274,Benjamin,0,0,0
275,Benjamin,0,0,0
276,Benjamin,0,0,0
277,Benjamin,0,0,0
278,Benjamin,0,0,0
279,Bernard,0,0,0
280,Bernard,0,0,0
281,Beth,0,0,0
282,Bethany,0,0,0
283,Betty,0,0,0
284,Beverly,0,0,0
285,Beverly,0,0,0
286,Beverly,0,0,0
287,Bianca,0,0,0
288,Bianca,0,0,0
289,Bianca,0,0,0
290,Billy,0,0,0
291,Billy,0,0,0
292,Billy,0,0,0
293,Billy,0,0,0
294,Bobby,0,0,0
295,Bobby,0,0,0
296,Bobby,0,0,0
297,Bobby,0,0,0
298,Bobby,0,0,0
299,Bonnie,0,0,0
300,Bonnie,0,0,0
301,Bonnie,0,0,0
302,Brad,0,0,0
303,Brad,0,0,0
304,Bradley,0,0,0
305,Brandi,0,0,0
306,Brandi,0,0,0
307,Brandi,0,0,0
308,Brandi,0,0,0
309,Brandi,0,0,0
310,Brandi,0,0,0
311,Brandi,0,0,0
312,Brandon,0,0,0
313,Brandon,0,0,0
314,Brandon,0,0,0
315,Brandon,0,0,0
316,Brandon,0,0,0
317,Brandon,0,0,0
318,Brandon,0,0,0
319,Brandon,0,0,0
320,Brandon,0,0,0
321,Brandon,0,0,0
322,Brandon,0,0,0
323,Brandon,0,0,0
324,Brandon,0,0,0
325,Brandon,0,0,0
326,Brandy,0,0,0
327,Brandy,0,0,0
328,Breanna,0,0,0
329,Breanna,0,0,0
330,Brenda,0,0,0
331,Brenda,0,0,0
332,Brenda,0,0,0
333,Brenda,0,0,0
334,Brenda,0,0,0
335,Brenda,0,0,0
336,Brenda,0,0,0
337,Brenda,0,0,0
338,Brenda,0,0,0
339,Brendan,0,0,0
340,Brendan,0,0,0
341,Brent,0,0,0
342,Brent,0,0,0
343,Brent,0,0,0
344,Brent,0,0,0
345,Brett,0,0,0
346,Brett,0,0,0
347,Brett,0,0,0
348,Brian,0,0,0
349,Brian,0,0,0
350,Brian,0,0,0
351,Brian,0,0,0
352,Brian,0,0,0
353,Brian,0,0,0
354,Brian,0,0,0
355,Brian,0,0,0
356,Brian,0,0,0
357,Brian,0,0,0
358,Brian,0,0,0
359,Brian,0,0,0
360,Brian,0,0,0
361,Brian,0,0,0
362,Brian,0,0,0
363,Brian,0,0,0
364,Brian,0,0,0
365,Brian,0,0,0
366,Brian,0,0,0
367,Brian,0,0,0
368,Brian,0,0,0
369,Brian,0,0,0
370,Briana,0,0,0
371,Brianna,0,0,0
372,Brianna,0,0,0
373,Brianna,0,0,0
374,Brianna,0,0,0
375,Brianna,0,0,0
376,Brianna,0,0,0
377,Brittany,0,0,0
378,Brittany,0,0,0
379,Brittany,0,0,0
380,Brittany,0,0,0
381,Brittany,0,0,0
382,Brittany,0,0,0
383,Brittany,0,0,0
384,Brittany,0,0,0
385,Brittany,0,0,0
386,Brittany,0,0,0
387,Brittany,0,0,0
388,Brittany,0,0,0
389,Brittney,0,0,0
390,Brittney,0,0,0
391,Brittney,0,0,0
392,Brooke,0,0,0
393,Brooke,0,0,0
394,Brooke,0,0,0
395,Brooke,0,0,0
396,Brooke,0,0,0
397,Bruce,0,0,0
398,Bruce,0,0,0
399,Bruce,0,0,0
400,Bryan,0,0,0
401,Bryan,0,0,0
402,Bryan,0,0,0
403,Bryan,0,0,0
404,Bryan,0,0,0
405,Bryan,0,0,0
406,Bryan,0,0,0
407,Bryan,0,0,0
408,Caitlin,0,0,0
409,Caitlin,0,0,0
410,Caitlin,0,0,0
411,Caitlin,0,0,0
412,Caleb,0,0,0
413,Caleb,0,0,0
414,Caleb,0,0,0
415,Caleb,0,0,0
416,Calvin,0,0,0
417,Calvin,0,0,0
418,Calvin,0,0,0
419,Calvin,0,0,0
420,Cameron,0,0,0
421,Cameron,0,0,0
422,Cameron,0,0,0
423,Cameron,0,0,0
424,Cameron,0,0,0
425,Cameron,0,0,0
426,Candace,0,0,0
427,Carl,0,0,0
428,Carla,0,0,0
429,Carla,0,0,0
430,Carla,0,0,0
431,Carla,0,0,0
432,Carla,0,0,0
433,Carlos,0,0,0
434,Carlos,0,0,0
435,Carlos,0,0,0
436,Carlos,0,0,0
437,Carlos,0,0,0
438,Carlos,0,0,0
439,Carlos,0,0,0
440,Carlos,0,0,0
441,Carlos,0,0,0
442,Carlos,0,0,0
443,Carly,0,0,0
444,Carly,0,0,0
445,Carmen,0,0,0
446,Carmen,0,0,0
447,Carol,0,0,0
448,Carol,0,0,0
449,Caroline,0,0,0
450,Caroline,0,0,0
451,Carolyn,0,0,0
452,Carolyn,0,0,0
453,Carrie,0,0,0
454,Carrie,0,0,0
455,Casey,0,0,0
456,Casey,0,0,0
457,Casey,0,0,0
458,Cassandra,0,0,0
459,Cassandra,0,0,0
460,Cassidy,0,0,0
461,Catherine,0,0,0
462,Catherine,0,0,0
463,Catherine,0,0,0
464,Catherine,0,0,0
465,Catherine,0,0,0
466,Catherine,0,0,0
467,Catherine,0,0,0
468,Catherine,0,0,0
469,Catherine,0,0,0
470,Catherine,0,0,0
471,Catherine,0,0,0
472,Catherine,0,0,0
473,Cathy,0,0,0
474,Cesar,0,0,0
475,Cesar,0,0,0
476,Chad,0,0,0
477,Chad,0,0,0
478,Chad,0,0,0
479,Chad,0,0,0
480,Chad,0,0,0
481,Chad,0,0,0
482,Charlene,0,0,0
483,Charles,0,0,0
484,Charles,0,0,0
485,Charles,0,0,0
486,Charles,0,0,0
487,Charles,0,0,0
488,Charles,0,0,0
489,Charles,0,0,0
490,Charles,0,0,0
491,Charles,0,0,0
492,Charles,0,0,0
493,Charles,0,0,0
494,Charles,0,0,0
495,Charles,0,0,0
496,Charles,0,0,0
497,Charles,0,0,0
498,Charles,0,0,0
499,Charlotte,0,0,0
500,Chase,0,0,0
501,Chelsea,0,0,0
502,Chelsea,0,0,0
503,Chelsea,0,0,0
504,Chelsea,0,0,0
505,Cheryl,0,0,0
506,Cheryl,0,0,0
507,Cheryl,0,0,0
508,Cheryl,0,0,0
509,Cheryl,0,0,0
510,Cheryl,0,0,0
511,Cheryl,0,0,0
512,Cheyenne,0,0,0
513,Chris,0,0,0
514,Christian,0,0,0
515,Christian,0,0,0
516,Christian,0,0,0
517,Christian,0,0,0
518,Christie,0,0,0
519,Christina,0,0,0
520,Christina,0,0,0
521,Christina,0,0,0
522,Christina,0,0,0
523,Christina,0,0,0
524,Christina,0,0,0
525,Christine,0,0,0
526,Christine,0,0,0
527,Christine,0,0,0
528,Christine,0,0,0
529,Christine,0,0,0
530,Christine,0,0,0
531,Christine,0,0,0
532,Christine,0,0,0
533,Christine,0,0,0
534,Christopher,0,0,0
535,Christopher,0,0,0
536,Christopher,0,0,0
537,Christopher,0,0,0
538,Christopher,0,0,0
539,Christopher,0,0,0
540,Christopher,0,0,0
541,Christopher,0,0,0
542,Christopher,0,0,0
543,Christopher,0,0,0
544,Christopher,0,0,0
545,Christopher,0,0,0
546,Christopher,0,0,0
547,Christopher,0,0,0
548,Christopher,0,0,0
549,Christopher,0,0,0
550,Christopher,0,0,0
551,Christopher,0,0,0
552,Christopher,0,0,0
553,Christopher,0,0,0
554,Christopher,0,0,0
555,Christopher,0,0,0
556,Christopher,0,0,0
557,Christopher,0,0,0
558,Christopher,0,0,0
559,Christopher,0,0,0
560,Christopher,0,0,0
561,Christopher,0,0,0
562,Christopher,0,0,0
563,Christopher,0,0,0
564,Christopher,0,0,0
565,Christopher,0,0,0
566,Christopher,0,0,0
567,Christopher,0,0,0
568,Christopher,0,0,0
569,Christopher,0,0,0
570,Christy,0,0,0
571,Christy,0,0,0
572,Cindy,0,0,0
573,Cindy,0,0,0
574,Cindy,0,0,0
575,Cindy,0,0,0
576,Cindy,0,0,0
577,Clarence,0,0,0
578,Claudia,0,0,0
579,Cody,0,0,0
580,Cody,0,0,0
581,Cody,0,0,0
582,Cody,0,0,0
583,Cody,0,0,0
584,Cody,0,0,0
585,Colleen,0,0,0
586,Colleen,0,0,0
587,Colleen,0,0,0
588,Colleen,0,0,0
589,Colleen,0,0,0
590,Connor,0,0,0
591,Connor,0,0,0
592,Corey,0,0,0
593,Corey,0,0,0
594,Corey,0,0,0
595,Corey,0,0,0
596,Cory,0,0,0
597,Courtney,0,0,0
598,Courtney,0,0,0
599,Courtney,0,0,0
600,Craig,0,0,0
601,Craig,0,0,0
602,Craig,0,0,0
603,Craig,0,0,0
604,Craig,0,0,0
605,Cristina,0,0,0
606,Crystal,0,0,0
607,Crystal,0,0,0
608,Crystal,0,0,0
609,Crystal,0,0,0
610,Crystal,0,0,0
611,Crystal,0,0,0
612,Curtis,0,0,0
613,Curtis,0,0,0
614,Curtis,0,0,0
615,Cynthia,0,0,0
616,Cynthia,0,0,0
617,Cynthia,0,0,0
618,Cynthia,0,0,0
619,Cynthia,0,0,0
620,Daisy,0,0,0
621,Dakota,0,0,0
622,Dakota,0,0,0
623,Dale,0,0,0
624,Dana,0,0,0
625,Dana,0,0,0
626,Dana,0,0,0
627,Dana,0,0,0
628,Daniel,0,0,0
629,Daniel,0,0,0
630,Daniel,0,0,0
631,Daniel,0,0,0
632,Daniel,0,0,0
633,Daniel,0,0,0
634,Daniel,0,0,0
635,Daniel,0,0,0
636,Daniel,0,0,0
637,Daniel,0,0,0
638,Daniel,0,0,0
639,Daniel,0,0,0
640,Daniel,0,0,0
641,Daniel,0,0,0
642,Daniel,0,0,0
643,Daniel,0,0,0
644,Daniel,0,0,0
645,Daniel,0,0,0
646,Daniel,0,0,0
647,Daniel,0,0,0
648,Daniel,0,0,0
649,Daniel,0,0,0
650,Daniel,0,0,0
651,Daniel,0,0,0
652,Daniel,0,0,0
653,Daniel,0,0,0
654,Daniel,0,0,0
655,Danielle,0,0,0
656,Danielle,0,0,0
657,Danielle,0,0,0
658,Danielle,0,0,0
659,Danielle,0,0,0
660,Danielle,0,0,0
661,Danielle,0,0,0
662,Danielle,0,0,0
663,Danielle,0,0,0
664,Danny,0,0,0
665,Danny,0,0,0
666,Danny,0,0,0
667,Danny,0,0,0
668,Darlene,0,0,0
669,Darlene,0,0,0
670,Darrell,0,0,0
671,Darrell,0,0,0
672,Darren,0,0,0
673,Darren,0,0,0
674,Darren,0,0,0
675,Darryl,0,0,0
676,David,0,0,0
677,David,0,0,0
678,David,0,0,0
679,David,0,0,0
680,David,0,0,0
681,David,0,0,0
682,David,0,0,0
683,David,0,0,0
684,David,0,0,0
685,David,0,0,0
686,David,0,0,0
687,David,0,0,0
688,David,0,0,0
689,David,0,0,0
690,David,0,0,0
691,David,0,0,0
692,David,0,0,0
693,David,0,0,0
694,David,0,0,0
695,David,0,0,0
696,David,0,0,0
697,David,0,0,0
698,David,0,0,0
699,David,0,0,0
700,David,0,0,0
701,David,0,0,0
702,David,0,0,0
703,David,0,0,0
704,David,0,0,0
705,David,0,0,0
706,David,0,0,0
707,David,0,0,0
708,David,0,0,0
709,David,0,0,0
710,David,0,0,0
711,David,0,0,0
712,Dawn,0,0,0
713,Dawn,0,0,0
714,Dawn,0,0,0
715,Dawn,0,0,0
716,Dawn,0,0,0
717,Dawn,0,0,0
718,Dawn,0,0,0
719,Dawn,0,0,0
720,Dean,0,0,0
721,Dean,0,0,0
722,Dean,0,0,0
723,Deanna,0,0,0
724,Deanna,0,0,0
725,Deanna,0,0,0
726,Deanna,0,0,0
727,Deanna,0,0,0
728,Debbie,0,0,0
729,Debbie,0,0,0
730,Debbie,0,0,0
731,Deborah,0,0,0
732,Deborah,0,0,0
733,Deborah,0,0,0
734,Deborah,0,0,0
735,Deborah,0,0,0
736,Deborah,0,0,0
737,Deborah,0,0,0
738,Debra,0,0,0
739,Debra,0,0,0
740,Debra,0,0,0
741,Debra,0,0,0
742,Debra,0,0,0
743,Denise,0,0,0
744,Denise,0,0,0
745,Denise,0,0,0
746,Denise,0,0,0
747,Denise,0,0,0
748,Dennis,0,0,0
749,Dennis,0,0,0
750,Dennis,0,0,0
751,Dennis,0,0,0
752,Dennis,0,0,0
753,Dennis,0,0,0
754,Derek,0,0,0
755,Derek,0,0,0
756,Derek,0,0,0
757,Derek,0,0,0
758,Derrick,0,0,0
759,Derrick,0,0,0
760,Desiree,0,0,0
761,Desiree,0,0,0
762,Desiree,0,0,0
763,Desiree,0,0,0
764,Destiny,0,0,0
765,Destiny,0,0,0
766,Destiny,0,0,0
767,Devin,0,0,0
768,Devin,0,0,0
769,Devin,0,0,0
770,Devin,0,0,0
771,Devin,0,0,0
772,Devin,0,0,0
773,Diamond,0,0,0
774,Diana,0,0,0
775,Diana,0,0,0
776,Diana,0,0,0
777,Diane,0,0,0
778,Diane,0,0,0
779,Diane,0,0,0
780,Diane,0,0,0
781,Diane,0,0,0
782,Diane,0,0,0
783,Diane,0,0,0
784,Diane,0,0,0
785,Dillon,0,0,0
786,Dominic,0,0,0
787,Dominique,0,0,0
788,Donald,0,0,0
789,Donald,0,0,0
790,Donald,0,0,0
791,Donald,0,0,0
792,Donald,0,0,0
793,Donald,0,0,0
794,Donna,0,0,0
795,Donna,0,0,0
796,Donna,0,0,0
797,Donna,0,0,0
798,Donna,0,0,0
799,Donna,0,0,0
800,Donna,0,0,0
801,Donna,0,0,0
802,Donna,0,0,0
803,Dorothy,0,0,0
804,Douglas,0,0,0
805,Douglas,0,0,0
806,Douglas,0,0,0
807,Douglas,0,0,0
808,Douglas,0,0,0
809,Douglas,0,0,0
810,Douglas,0,0,0
811,Douglas,0,0,0
812,Douglas,0,0,0
813,Douglas,0,0,0
814,Douglas,0,0,0
815,Drew,0,0,0
816,Dustin,0,0,0
817,Dylan,0,0,0
818,Dylan,0,0,0
819,Dylan,0,0,0
820,Dylan,0,0,0
821,Dylan,0,0,0
822,Dylan,0,0,0
823,Dylan,0,0,0
824,Ebony,0,0,0
825,Edgar,0,0,0
826,Edward,0,0,0
827,Edward,0,0,0
828,Edward,0,0,0
829,Edward,0,0,0
830,Edward,0,0,0
831,Edward,0,0,0
832,Edward,0,0,0
833,Eileen,0,0,0
834,Eileen,0,0,0
835,Elijah,0,0,0
836,Elijah,0,0,0
837,Elizabeth,0,0,0
838,Elizabeth,0,0,0
839,Elizabeth,0,0,0
840,Elizabeth,0,0,0
841,Elizabeth,0,0,0
842,Elizabeth,0,0,0
843,Elizabeth,0,0,0
844,Elizabeth,0,0,0
845,Elizabeth,0,0,0
846,Elizabeth,0,0,0
847,Elizabeth,0,0,0
848,Elizabeth,0,0,0
849,Elizabeth,0,0,0
850,Elizabeth,0,0,0
851,Elizabeth,0,0,0
852,Elizabeth,0,0,0
853,Elizabeth,0,0,0
854,Ellen,0,0,0
855,Ellen,0,0,0
856,Emily,0,0,0
857,Emily,0,0,0
858,Emily,0,0,0
859,Emily,0,0,0
860,Emily,0,0,0
861,Emily,0,0,0
862,Emily,0,0,0
863,Emily,0,0,0
864,Emily,0,0,0
865,Emily,0,0,0
866,Emily,0,0,0
867,Emily,0,0,0
868,Emily,0,0,0
869,Emma,0,0,0
870,Emma,0,0,0
871,Emma,0,0,0
872,Eric,0,0,0
873,Eric,0,0,0
874,Eric,0,0,0
875,Eric,0,0,0
876,Eric,0,0,0
877,Eric,0,0,0
878,Eric,0,0,0
879,Eric,0,0,0
880,Eric,0,0,0
881,Eric,0,0,0
882,Eric,0,0,0
883,Eric,0,0,0
884,Eric,0,0,0
885,Eric,0,0,0
886,Eric,0,0,0
887,Eric,0,0,0
888,Erica,0,0,0
889,Erica,0,0,0
890,Erica,0,0,0
891,Erica,0,0,0
892,Erica,0,0,0
893,Erica,0,0,0
894,Erica,0,0,0
895,Erik,0,0,0
896,Erik,0,0,0
897,Erika,0,0,0
898,Erika,0,0,0
899,Erika,0,0,0
900,Erin,0,0,0
901,Erin,0,0,0
902,Erin,0,0,0
903,Erin,0,0,0
904,Erin,0,0,0
905,Erin,0,0,0
906,Eugene,0,0,0
907,Eugene,0,0,0
908,Evan,0,0,0
909,Evelyn,0,0,0
910,Felicia,0,0,0
911,Felicia,0,0,0
912,Felicia,0,0,0
913,Frances,0,0,0
914,Frances,0,0,0
915,Francisco,0,0,0
916,Francisco,0,0,0
917,Frank,0,0,0
918,Frank,0,0,0
919,Frank,0,0,0
920,Frank,0,0,0
921,Frank,0,0,0
922,Frank,0,0,0
923,Frank,0,0,0
924,Frank,0,0,0
925,Frank,0,0,0
926,Frank,0,0,0
927,Franklin,0,0,0
928,Frederick,0,0,0
929,Frederick,0,0,0
930,Frederick,0,0,0
931,Gabriel,0,0,0
932,Gabriel,0,0,0
933,Gabriel,0,0,0
934,Gabriel,0,0,0
935,Gabriela,0,0,0
936,Gabriella,0,0,0
937,Gabrielle,0,0,0
938,Gail,0,0,0
939,Gail,0,0,0
940,Gary,0,0,0
941,Gary,0,0,0
942,Gary,0,0,0
943,Gary,0,0,0
944,Gary,0,0,0
945,Gavin,0,0,0
946,George,0,0,0
947,George,0,0,0
948,George,0,0,0
949,George,0,0,0
950,Gerald,0,0,0
951,Gina,0,0,0
952,Gina,0,0,0
953,Glenn,0,0,0
954,Glenn,0,0,0
955,Glenn,0,0,0
956,Glenn,0,0,0
957,Gloria,0,0,0
958,Gregory,0,0,0
959,Gregory,0,0,0
960,Gregory,0,0,0
961,Gregory,0,0,0
962,Gregory,0,0,0
963,Guy,0,0,0
964,Gwendolyn,0,0,0
965,Hailey,0,0,0
966,Haley,0,0,0
967,Haley,0,0,0
968,Hannah,0,0,0
969,Hannah,0,0,0
970,Hannah,0,0,0
971,Hannah,0,0,0
972,Hannah,0,0,0
973,Harold,0,0,0
974,Heather,0,0,0
975,Heather,0,0,0
976,Heather,0,0,0
977,Heather,0,0,0
978,Heather,0,0,0
979,Heather,0,0,0
980,Heather,0,0,0
981,Heather,0,0,0
982,Heather,0,0,0
983,Heather,0,0,0
984,Heather,0,0,0
985,Heather,0,0,0
986,Heather,0,0,0
987,Heather,0,0,0
988,Heather,0,0,0
989,Heather,0,0,0
990,Heidi,0,0,0
991,Heidi,0,0,0
992,Helen,0,0,0
993,Helen,0,0,0
994,Henry,0,0,0
995,Henry,0,0,0
996,Henry,0,0,0
997,Holly,0,0,0
998,Holly,0,0,0
999,Hunter,0,0,0
1000,Hunter,0,0,0
